,p0_random,p0_exact,p0_max,p0_minimax,p0_negascout,p0_mcts,p0_mixed
p1_random,0.9710767269134521,1.0837152004241943,0.7775552272796631,3.471928119659424,3.841400146484375,10.356081247329712,2.156588077545166
p1_exact,1.0315804481506348,1.1878457069396973,0.8296122550964355,3.579357624053955,4.202058792114258,11.148938655853271,2.27475643157959
p1_max,0.8112313747406006,0.804701566696167,0.8569669723510742,3.5810816287994385,3.931762933731079,7.674902439117432,2.1567370891571045
p1_minimax,3.660144805908203,3.619432210922241,3.559479236602783,7.201308488845825,7.67583441734314,8.644258975982666,5.218141078948975
p1_negascout,4.07140588760376,4.196835279464722,3.889349937438965,7.658478021621704,8.725610494613647,9.357884883880615,5.6987385749816895
p1_mcts,10.799619913101196,11.075466871261597,6.485767364501953,7.361676216125488,7.478825330734253,16.203102827072144,7.192156553268433
p1_mixed,2.2234249114990234,2.318608522415161,2.14547061920166,5.0087761878967285,5.452581882476807,8.589839696884155,3.721432685852051
