,p0_random,p0_exact,p0_max,p0_minimax,p0_negascout,p0_mcts,p0_mixed
p1_random,57.00000000000001,56.00000000000001,3.0000000000000027,0.0,1.0000000000000009,1.0000000000000009,3.0000000000000027
p1_exact,43.00000000000001,55.00000000000001,6.000000000000005,1.0000000000000009,1.0000000000000009,4.0000000000000036,5.000000000000004
p1_max,92.0,93.0,42.00000000000001,2.0000000000000018,6.000000000000005,44.99999999999999,18.999999999999993
p1_minimax,97.0,100.0,96.0,40.0,30.000000000000004,88.0,78.0
p1_negascout,98.0,96.0,90.0,35.0,34.0,94.0,75.0
p1_mcts,96.0,95.0,47.0,8.999999999999996,7.9999999999999964,51.0,28.000000000000004
p1_mixed,99.0,96.0,70.0,16.000000000000004,13.0,57.00000000000001,43.00000000000001
